,Artist.Reputation,Width,Weight,Price.Of.Sculpture,Cost_Labels
0,0.45,6,188.0,5.19,low
1,0.38,8,734.0,6.18,low
2,0.08,5,3543.0,8.46,low
3,0.88,5,3232.0,11.62,low
4,0.42,8,259.0,6.53,low
5,0.31,8,1374.0,6.26,low
6,0.76,8,368.0,6.95,low
7,0.41,16,251.0,3.13,low
8,0.43,9,973.0,6.89,low
9,0.66,4,51.0,4.19,low
10,0.3,17,2879.0,7.78,low
11,0.02,2,18.0,4.52,low
12,0.83,3,3232.0,6.06,low
13,0.56,16,483.0,5.37,low
14,0.27,5,494.0,4.41,low
15,0.48,5,626.0,6.45,low
16,0.45,6,226.0,3.22,low
17,0.45,4,174.0,6.63,low
18,0.45,19,1374.0,23.12,low
19,0.45,14,3814.0,6.71,low
20,0.08,8,8066.0,13.36,low
21,0.16,5,254.0,3.81,low
22,0.34,3,11.0,3.3,low
23,0.5,3,496.0,6.78,low
24,0.06,4,3232.0,4.6,low
25,0.25,4,58.0,3.46,low
26,0.16,4,2118.0,6.79,low
27,0.24,6,2273.0,6.01,low
28,0.47,7,5035.0,12.92,low
29,0.47,6,399.0,4.47,low
30,0.01,3,41.0,5.66,low
31,0.17,8,145.0,6.23,low
32,0.68,12,780.0,5.1,low
33,0.04,7,1736.0,4.39,low
34,0.45,12,1460.0,5.02,low
35,0.17,16,676.0,5.56,low
36,0.5,7,127.0,6.54,low
37,0.36,12,1609.0,5.48,low
38,0.82,8,140.0,4.87,low
39,0.31,8,60.0,3.66,low
40,0.39,2,4.0,3.13,low
41,0.03,20,3232.0,13.46,low
42,0.35,8,1653.0,6.58,low
43,0.37,8,176.0,4.36,low
44,0.34,2,5982.5,6.75,low
45,0.64,5,148.0,4.29,low
46,0.24,16,2425.0,6.45,low
47,0.4,9,1802.0,6.85,low
48,0.37,3,3232.0,4.84,low
49,0.43,10,285.0,6.05,low
50,0.39,6,334.0,4.55,low
51,0.95,4,105.0,4.48,low
52,0.37,5,48.0,4.09,low
53,0.13,5,5112.0,3.38,low
54,0.39,5,200.0,4.14,low
55,0.31,8,232.0,4.89,low
56,0.6,8,1140.0,3.88,low
57,0.08,6,4349.0,6.74,low
58,0.18,5,197.0,4.17,low
59,0.58,5,265.0,5.06,low
60,0.1,12,1455.0,5.3,low
61,0.3,8,251.0,5.48,low
62,0.44,7,179.0,4.37,low
63,0.17,6,1388.0,5.04,low
64,0.48,5,63.0,5.13,low
65,0.36,16,1972.0,4.2,low
66,0.45,8,1374.0,6.03,low
67,0.44,10,2820.0,6.68,low
68,0.19,8,574.0,4.07,low
69,0.94,4,51.0,3.9,low
70,0.18,6,476.0,5.45,low
71,0.23,8,251.0,6.01,low
72,0.54,8,3232.0,5.05,low
73,0.18,19,1177.0,6.09,low
74,0.16,6,535.0,3.93,low
75,0.2,7,537.0,5.47,low
76,0.56,7,664.0,6.2,low
77,0.24,7,656.0,3.28,low
78,0.36,4,327.0,5.49,low
79,0.16,11,2797.0,3.03,low
80,0.3,4,572.0,6.29,low
81,0.45,13,476.0,3.08,low
82,0.26,7,609.0,3.92,low
83,0.15,7,591.0,4.58,low
84,0.03,9,725.0,3.36,low
85,0.38,13,1201.0,4.55,low
86,0.72,6,237.0,4.75,low
87,0.45,9,1443.0,8.08,low
88,0.49,5,4736.0,18.4,low
89,0.25,17,653.0,3.94,low
90,0.18,6,477.0,6.35,low
91,0.48,7,528.0,5.91,low
92,0.66,7,2779.0,19.82,low
93,0.37,8,1246.0,6.37,low
94,0.12,5,2932.0,5.8,low
95,0.38,5,950.0,3.45,low
96,0.63,6,145.0,3.89,low
97,0.48,8,3232.0,3.71,low
98,0.08,4,71.0,6.13,low
99,0.21,8,2797.0,3.89,low
100,0.4,8,1665.0,7.05,low
101,0.1,6,146.0,6.27,low
102,0.02,7,5790.0,4.68,low
103,0.73,3,35.0,3.33,low
104,0.74,6,769.0,3.12,low
105,0.82,4,65.0,3.07,low
106,0.45,8,4113.0,20.84,low
107,0.45,6,193.0,5.43,low
108,0.06,10,1071.0,6.55,low
109,0.4,6,251.0,5.48,low
110,0.91,8,3232.0,4.19,low
111,0.49,8,4487.0,18.06,low
112,0.37,24,1018.0,3.76,low
113,0.45,7,570.0,4.06,low
114,0.42,4,79.0,3.64,low
115,0.49,8,35.0,4.55,low
116,0.03,2,94.0,5.01,low
117,0.45,6,2334.0,8.29,low
118,0.2,8,5202.0,11.91,low
119,0.38,5,685.0,5.61,low
120,0.45,8,91.0,4.64,low
121,0.01,3,82.0,5.93,low
122,0.56,6,165.0,3.82,low
123,0.45,15,1926.0,3.65,low
124,0.38,6,139.0,4.03,low
125,0.42,5,5982.5,5.88,low
126,0.61,8,1493.0,3.72,low
127,0.42,9,2047.0,3.13,low
128,0.5,6,1465.0,5.92,low
129,0.64,9,545.0,3.66,low
130,0.63,4,476.0,6.86,low
131,0.3,7,106.0,4.59,low
132,0.23,7,259.0,4.42,low
133,0.27,8,672.0,6.62,low
134,0.52,8,114.0,6.2,low
135,0.14,4,146.0,6.85,low
136,0.25,15,1079.0,6.68,low
137,0.17,4,158.0,6.05,low
138,0.15,6,406.0,3.45,low
139,0.11,8,54.0,4.15,low
140,0.45,7,197.0,6.61,low
141,0.38,6,278.0,3.59,low
142,0.59,8,517.0,6.7,low
143,0.4,4,25.0,3.41,low
144,0.42,8,220.0,4.91,low
145,0.65,5,3232.0,13.81,low
146,0.5,6,1171.0,3.34,low
147,0.58,4,29.0,5.09,low
148,0.5,6,8066.0,6.63,low
149,0.36,4,3232.0,4.33,low
150,0.56,4,530.0,4.65,low
151,0.49,6,125.0,3.51,low
152,0.33,4,570.0,5.61,low
153,0.55,5,192.0,6.27,low
154,0.58,4,4412.0,27.99,low
155,0.07,7,3746.0,6.52,low
156,0.13,15,1895.0,7.23,low
157,0.72,6,910.0,5.37,low
158,0.09,10,349.0,3.31,low
159,0.45,5,598.0,4.71,low
160,0.15,7,2634.0,5.25,low
161,0.15,8,2800.0,6.32,low
162,0.35,7,318.0,4.76,low
163,0.31,6,1210.0,5.28,low
164,0.55,13,674.0,6.01,low
165,0.85,4,115.0,3.48,low
166,0.1,8,446.0,4.4,low
167,0.62,8,3071.0,3.53,low
168,0.36,7,2353.0,5.27,low
169,0.45,6,1218.0,5.31,low
170,0.51,5,327.0,3.28,low
171,0.42,5,240.0,3.74,low
172,0.37,2,45.0,5.82,low
173,0.6,8,393.0,3.39,low
174,0.45,3,53.0,5.31,low
175,0.15,24,828.0,5.82,low
176,0.47,7,1318.0,4.15,low
177,0.16,10,1515.0,4.87,low
178,0.41,8,767.0,6.83,low
179,0.45,11,1007.0,5.4,low
180,0.08,4,117.0,3.67,low
181,0.36,6,304.0,6.13,low
182,0.17,8,841.0,5.23,low
183,0.19,5,1172.0,5.07,low
184,0.55,3,70.0,4.2,low
185,0.35,2,251.0,4.41,low
186,0.15,5,54.0,3.25,low
187,0.45,5,476.0,6.71,low
188,0.58,5,153.0,4.92,low
189,0.95,4,77.0,3.8,low
190,0.44,3,284.0,5.68,low
191,0.53,5,666.0,6.49,low
192,0.4,7,155.0,3.71,low
193,0.0,3,56.0,6.17,low
194,0.09,8,4071.0,5.47,low
195,0.03,12,1374.0,6.28,low
196,0.14,8,326.0,6.54,low
197,0.32,6,90.0,5.21,low
198,0.58,4,365.0,5.24,low
199,0.08,7,3521.0,5.46,low
200,0.09,7,157.0,4.4,low
201,0.39,14,492.0,5.72,low
202,0.02,6,2579.0,6.52,low
203,0.45,9,2006.0,3.95,low
204,0.27,5,4182.0,12.7,low
205,0.52,6,2226.0,7.08,low
206,0.45,16,1396.0,6.98,low
207,0.17,6,2860.0,8.35,low
208,0.45,8,110.0,6.02,low
209,0.35,15,342.0,5.43,low
210,0.45,4,64.0,3.4,low
211,0.45,4,80.0,3.96,low
212,0.3,10,3232.0,7.05,low
213,0.19,18,988.0,3.44,low
214,0.13,2,166.0,6.44,low
215,0.07,8,131.0,6.8,low
216,0.99,4,96.0,3.51,low
217,0.08,3,24.0,3.72,low
218,0.65,8,126.0,3.22,low
219,0.23,16,1374.0,10.42,low
220,0.11,10,281.0,4.15,low
221,0.34,18,3955.0,19.03,low
222,0.73,4,106.0,4.71,low
223,0.07,5,134.0,3.52,low
224,0.78,4,109.0,6.33,low
225,0.38,2,13.0,6.72,low
226,0.9,6,401.0,4.28,low
227,0.01,3,505.0,4.28,low
228,0.57,3,27.0,5.95,low
229,0.05,8,804.0,6.36,low
230,0.17,8,1765.0,3.86,low
231,0.18,4,3597.0,4.05,low
232,0.11,6,1873.0,3.24,low
233,0.385,5,664.0,3.9,low
234,0.19,7,2233.0,4.08,low
235,0.17,15,577.0,5.65,low
236,0.52,4,45.0,4.83,low
237,0.12,7,2051.0,3.74,low
238,0.04,10,342.0,3.56,low
239,0.07,6,4831.0,6.7,low
240,0.03,8,1108.0,5.47,low
241,0.09,4,145.0,4.12,low
242,0.35,12,2115.0,8.99,low
243,0.47,8,45.0,4.41,low
244,0.12,6,1049.0,4.91,low
245,0.21,6,63.0,5.86,low
246,0.06,8,204.0,4.94,low
247,0.14,4,2921.0,9.33,low
248,0.3,8,384.0,4.77,low
249,0.55,2,8066.0,3.3,low
250,0.45,3,34.0,4.77,low
251,0.18,7,1393.0,6.69,low
252,0.47,8,1027.0,6.62,low
253,0.42,7,638.0,4.23,low
254,0.34,7,481.0,3.84,low
255,0.07,8,477.0,4.32,low
256,0.59,3,62.0,4.63,low
257,0.74,5,150.0,6.75,low
258,0.37,10,1374.0,3.21,low
259,0.37,8,844.0,5.7,low
260,0.16,3,437.0,5.38,low
261,0.45,4,3232.0,5.55,low
262,0.06,7,220.0,3.89,low
263,0.36,5,324.0,3.51,low
264,0.25,6,532.0,4.57,low
265,0.24,4,3816.0,11.32,low
266,0.6,7,329.0,5.1,low
267,0.45,6,182.0,4.01,low
268,0.38,8,3792.0,20.42,low
269,0.29,8,2264.0,5.08,low
270,0.1,11,251.0,6.08,low
271,0.02,6,1506.0,3.38,low
272,0.38,3,410.0,4.78,low
273,0.07,8,664.0,3.81,low
274,0.1,6,29497.0,20.45,low
275,0.07,6,2250.0,4.87,low
276,0.33,5,180.0,4.17,low
277,0.56,7,673.0,4.27,low
278,0.45,6,200.0,6.66,low
279,0.17,4,2403.0,7.81,low
280,0.59,6,5982.5,21.47,low
281,0.48,4,133.0,5.01,low
282,0.42,6,117.0,6.47,low
283,0.04,9,399.0,3.07,low
284,0.12,4,84.0,4.97,low
285,0.55,14,889.0,6.98,low
286,0.1,4,20.0,5.26,low
287,0.37,4,657.0,6.86,low
288,0.41,4,664.0,3.61,low
289,0.47,8,3368.0,5.24,low
290,0.3,8,3336.0,3.17,low
291,0.42,10,664.0,6.57,low
292,0.53,13,432.0,4.16,low
293,0.21,5,17.0,3.75,low
294,0.36,5,63.0,4.3,low
295,0.34,4,108.0,3.43,low
296,0.54,5,3801.0,16.01,low
297,0.28,4,94.0,6.61,low
298,0.3,5,355.0,4.7,low
299,0.16,8,73.0,5.63,low
300,0.45,13,1072.0,4.13,low
301,0.45,11,3165.0,5.42,low
302,0.41,3,21.0,3.01,low
303,0.51,3,51.0,3.33,low
304,0.64,13,2994.0,5.25,low
305,0.54,5,115395.0,7.4,low
306,0.21,7,743.0,3.85,low
307,0.45,9,1829.0,7.57,low
308,0.79,4,115.0,3.07,low
309,0.03,14,5376.0,6.41,low
310,0.86,4,340.0,4.87,low
311,0.46,5,9063.0,15.02,low
312,0.29,7,458.0,6.12,low
313,0.51,8,1078.0,4.7,low
314,0.28,17,2601.0,14.49,low
315,0.27,8,32.0,5.28,low
316,0.16,8,664.0,5.99,low
317,0.01,6,337.0,4.25,low
318,0.53,4,144.0,5.42,low
319,0.06,4,22.0,6.63,low
320,0.24,8,295.0,5.86,low
321,0.2,7,398.0,5.3,low
322,0.45,8,76.0,5.6,low
323,0.51,8,1313.0,3.64,low
324,0.39,6,3592.0,19.14,low
325,0.59,3,60.0,4.51,low
326,0.08,5,278.0,4.69,low
327,0.02,4,74.0,6.4,low
328,0.46,8,733.0,5.91,low
329,0.22,14,734.0,5.66,low
330,0.63,5,710.0,6.61,low
331,0.01,4,106.0,5.1,low
332,0.84,4,3232.0,4.47,low
333,0.45,4,476.0,6.05,low
334,0.07,13,1475.0,6.1,low
335,0.37,7,49.0,6.66,low
336,0.24,6,3591.0,16.83,low
337,0.71,8,376.0,5.72,low
338,0.84,3,11.0,4.62,low
339,0.41,5,4647.0,13.86,low
340,0.45,3,43.0,6.21,low
341,0.43,7,222.0,4.17,low
342,0.12,5,339.0,3.51,low
343,0.39,4,343.0,4.87,low
344,0.09,6,1429.0,6.71,low
345,0.19,5,395.0,4.19,low
346,0.58,8,2116.0,5.44,low
347,0.04,8,5982.5,12.43,low
348,0.16,8,676.0,6.41,low
349,0.45,8,429.0,5.79,low
350,0.05,8,2119.0,6.94,low
351,0.04,7,123.0,3.92,low
352,0.45,8,3859.0,5.31,low
353,0.11,8,420.0,4.79,low
354,0.16,5,519.0,6.14,low
355,0.2,8,234.0,3.98,low
356,0.36,5,133.0,5.26,low
357,0.45,13,2170.0,5.18,low
358,0.13,7,3723.0,11.97,low
359,0.02,4,426.0,6.58,low
360,0.19,2,33.0,6.82,low
361,0.41,15,1143.0,6.43,low
362,0.28,8,125.0,6.87,low
363,0.45,7,960.0,6.05,low
364,0.45,5,160.0,4.9,low
365,0.13,9,332.0,5.33,low
366,0.45,12,2238.0,6.58,low
367,0.18,8,161.0,3.89,low
368,0.13,8,655.0,4.72,low
369,0.82,4,10.0,5.08,low
370,0.22,4,25.0,4.71,low
371,0.49,4,134.0,6.56,low
372,0.0,4,79.0,3.8,low
373,0.45,10,254.0,4.69,low
374,0.8,2,8.0,3.06,low
375,0.385,7,4621.0,20.43,low
376,0.21,8,150.0,5.6,low
377,0.45,5,90.0,3.97,low
378,0.07,6,1810.0,3.42,low
379,0.54,7,123.0,6.9,low
380,0.09,11,2109.0,5.47,low
381,0.35,4,54.0,3.63,low
382,0.46,7,880.0,4.95,low
383,0.02,11,1461.0,5.03,low
384,0.27,9,311.0,4.47,low
385,0.04,8,115395.0,6.24,low
386,0.63,4,679.0,3.68,low
387,0.21,8,169.0,6.1,low
388,0.58,7,242.0,5.06,low
389,0.64,6,55.0,4.68,low
390,0.01,6,804.0,3.46,low
391,0.06,6,656.0,3.67,low
392,0.45,4,3232.0,5.53,low
393,0.1,17,1233.0,6.05,low
394,0.72,13,1829.0,5.93,low
395,0.22,4,788.0,4.22,low
396,0.11,15,1266.0,5.15,low
397,0.15,11,682.0,6.6,low
398,0.41,8,404.0,6.0,low
399,0.24,26,1333.0,6.21,low
400,0.48,4,100.0,4.29,low
401,0.11,5,112.0,6.95,low
402,0.29,8,743.0,4.43,low
403,0.66,5,731.0,5.22,low
404,0.5,8,1547.0,6.12,low
405,0.49,7,617.0,4.26,low
406,0.79,6,162.0,3.37,low
407,0.06,8,972.0,5.34,low
408,0.22,7,578.0,4.95,low
409,0.45,19,2593.0,4.97,low
410,0.37,16,680.0,6.06,low
411,0.45,5,115395.0,30.01,low
412,0.6,7,143.0,4.38,low
413,0.15,14,2828.0,5.39,low
414,0.45,4,4222.0,20.26,low
415,0.43,6,1110.0,5.54,low
416,0.5,4,515.0,5.66,low
417,0.24,7,859.0,3.82,low
418,0.64,6,3232.0,21.44,low
419,0.45,12,1739.0,6.42,low
420,0.36,6,484.0,3.13,low
421,0.26,7,877.0,6.87,low
422,0.45,4,3232.0,4.32,low
423,0.45,8,1939.0,4.83,low
424,0.16,7,1128.0,6.35,low
425,0.18,8,2065.0,5.36,low
426,0.3,4,20.0,5.19,low
427,0.5,6,83.0,5.85,low
428,0.45,7,302.0,4.35,low
429,0.24,6,119.0,5.59,low
430,0.01,3,32.0,3.25,low
431,0.4,8,256.0,4.33,low
432,0.13,13,3480.0,7.22,low
433,0.14,9,714.0,4.32,low
434,0.1,10,434.0,4.73,low
435,0.15,6,1391.0,5.78,low
436,0.18,15,482.0,6.91,low
437,0.45,8,717.0,6.48,low
438,0.28,4,113.0,5.2,low
439,0.52,2,25.0,6.36,low
440,0.16,8,451.0,5.1,low
441,0.45,5,677.0,6.44,low
442,0.84,3,10.0,4.66,low
443,0.45,12,4695.0,9.98,low
444,0.53,3,875.0,5.48,low
445,0.4,4,3601.0,22.32,low
446,0.58,3,58.0,6.45,low
447,0.1,6,239.0,3.45,low
448,0.35,17,256.0,6.48,low
449,0.45,9,1443.0,5.99,low
450,0.87,6,1425.0,3.11,low
451,0.71,4,155.0,3.82,low
452,0.43,4,36.0,5.35,low
453,0.05,5,77.0,3.96,low
454,0.05,7,107.0,3.58,low
455,0.56,8,1410.0,7.67,low
456,0.29,8,2137.0,9.62,low
457,0.39,6,1638.0,5.77,low
458,0.11,7,559.0,6.92,low
459,0.3,7,63.0,5.38,low
460,0.14,8,3387.0,5.84,low
461,0.18,23,4641.0,6.07,low
462,0.47,5,253.0,5.32,low
463,0.72,7,277.0,5.07,low
464,0.27,4,188.0,6.64,low
465,0.36,5,256.0,5.98,low
466,0.41,2,144.0,4.84,low
467,0.03,9,4083.0,6.46,low
468,0.6,8,2097.0,13.75,low
469,0.05,4,443.0,3.81,low
470,0.17,7,3832.0,11.56,low
471,0.36,4,251.0,6.88,low
472,0.52,14,3169.0,3.83,low
473,0.22,4,26.0,4.89,low
474,0.11,7,934.0,3.9,low
475,0.27,4,425.0,4.05,low
476,0.08,8,2531.0,5.31,low
477,0.22,6,463.0,6.91,low
478,0.63,8,1046.0,5.94,low
479,0.86,5,237.0,5.42,low
480,0.34,7,2554.0,5.79,low
481,0.18,4,184.0,4.38,low
482,0.27,5,220.0,3.06,low
483,0.45,4,229.0,4.66,low
484,0.48,7,2516.0,11.88,low
485,0.13,13,1648.0,3.44,low
486,0.24,8,1697.0,4.14,low
487,0.2,12,387.0,5.94,low
488,0.25,3,6.0,4.63,low
489,0.06,4,117.0,4.27,low
490,0.27,4,11909.0,29.47,low
491,0.25,19,4166.0,6.13,low
492,0.26,6,4128.0,13.91,low
493,0.22,8,3163.0,11.41,low
494,0.28,5,371.0,3.32,low
495,0.23,5,287.0,5.25,low
496,0.14,13,3643.0,5.73,low
497,0.07,8,755.0,5.44,low
498,0.39,13,1105.0,5.96,low
499,0.01,9,7768.0,16.46,low
500,0.81,17,1209.0,6.8,moderate
501,0.45,9,7791.0,13.73,moderate
502,0.79,8,293.0,5.74,moderate
503,0.89,6,1136.0,5.19,moderate
504,0.79,7,228.0,3.82,moderate
505,0.26,12,35844.0,103.83,moderate
506,0.12,6,64689.0,112.03,moderate
507,0.42,10,4433.0,14.05,moderate
508,0.11,6,37823.0,47.19,moderate
509,0.28,8,1374.0,5.19,moderate
510,0.19,15,8066.0,169.06,moderate
511,0.48,5,7247.0,34.11,moderate
512,0.39,10,10719.0,29.7,moderate
513,0.17,12,18618.0,6.22,moderate
514,0.23,8,8478.0,38.11,moderate
515,0.34,8,5153.0,8.92,moderate
516,0.9,15,3145.0,6.38,moderate
517,0.73,15,26774.0,248.72,moderate
518,0.12,13,22856.0,14.14,moderate
519,0.21,8,28982.0,58.11,moderate
520,0.45,16,1374.0,21.21,moderate
521,0.19,16,100032.0,127.31,moderate
522,0.12,11,278914.0,273.44,moderate
523,0.45,9,3232.0,60.92,moderate
524,0.02,11,409345.0,238.02,moderate
525,0.45,11,5535.0,42.91,moderate
526,0.74,8,4745.0,27.9,moderate
527,0.99,4,29.0,6.52,moderate
528,0.38,8,7593.0,22.93,moderate
529,0.33,13,44019.0,42.28,moderate
530,0.45,4,3232.0,160.81,moderate
531,0.54,8,65103.0,165.05,moderate
532,0.93,4,32.0,5.06,moderate
533,0.28,7,115395.0,7.0,moderate
534,0.78,9,1042.0,6.55,moderate
535,0.45,10,144581.0,116.27,moderate
536,0.31,8,13248.0,49.59,moderate
537,0.05,8,201534.0,184.8,moderate
538,0.24,10,13884.0,10.78,moderate
539,0.2,15,24972.0,29.26,moderate
540,0.45,6,28674.0,20.63,moderate
541,0.24,7,134313.0,553.02,moderate
542,0.74,5,5827.0,14.94,moderate
543,0.44,9,110941.0,364.32,moderate
544,0.55,7,186299.0,347.9,moderate
545,0.09,9,185627.0,196.13,moderate
546,0.44,16,3829.0,8.16,moderate
547,0.58,8,3048.0,10.55,moderate
548,0.45,12,823.0,3.13,moderate
549,0.87,7,8066.0,4.59,moderate
550,0.28,9,210898.0,467.8,moderate
551,0.18,11,22502.0,15.29,moderate
552,0.4,10,256408.0,335.81,moderate
553,0.45,6,1652.0,8.24,moderate
554,0.63,6,75479.0,261.2,moderate
555,0.68,8,4407.0,23.29,moderate
556,0.45,8,11363.0,41.28,moderate
557,0.04,5,221082.0,20.16,moderate
558,0.78,7,506.0,3.06,moderate
559,0.35,8,184235.0,186.88,moderate
560,0.39,8,1890.0,8.4,moderate
561,0.67,4,3882.0,7.58,moderate
562,0.9,4,55.0,6.44,moderate
563,0.88,7,3664.0,21.51,moderate
564,0.26,12,20096.0,88.16,moderate
565,0.45,8,321.0,6.55,moderate
566,0.93,6,963.0,11.18,moderate
567,0.7,11,9661.0,33.31,moderate
568,0.47,16,27680.0,57.93,moderate
569,0.62,11,1270.0,8.19,moderate
570,0.63,14,3235.0,15.02,moderate
571,0.45,15,10603.0,24.76,moderate
572,0.72,10,5617.0,53.63,moderate
573,0.2,27,5982.5,202.17,moderate
574,0.9,3,257.0,5.23,moderate
575,0.45,10,159037.0,271.39,moderate
576,0.54,12,14026.0,56.14,moderate
577,0.61,6,143.0,6.27,moderate
578,0.45,13,9314.0,22.2,moderate
579,0.39,6,30515.0,37.73,moderate
580,0.46,12,75499.0,138.49,moderate
581,0.12,7,90965.0,167.23,moderate
582,0.6,7,1737.0,8.76,moderate
583,0.7,13,2453.0,11.52,moderate
584,0.59,6,16076.0,46.95,moderate
585,0.36,23,143932.0,122.93,moderate
586,0.76,14,2053.0,6.82,moderate
587,0.4,10,14551.0,19.49,moderate
588,0.38,21,13800.0,27.66,moderate
589,0.14,15,7113.0,7.58,moderate
590,0.58,6,87529.0,229.97,moderate
591,0.27,27,24675.0,56.86,moderate
592,0.36,8,45103.0,35.06,moderate
593,0.97,8,295.0,5.41,moderate
594,0.33,20,3232.0,37.95,moderate
595,0.59,4,221082.0,33.3,moderate
596,0.34,8,6527.0,11.47,moderate
597,0.45,8,1374.0,16.37,moderate
598,0.12,17,62189.0,72.97,moderate
599,0.48,12,12621.0,8.28,moderate
600,0.63,8,2002.0,12.36,moderate
601,0.45,5,5594.0,15.66,moderate
602,0.49,8,3232.0,9.47,moderate
603,0.64,9,7264.0,8.26,moderate
604,0.35,17,5982.5,67.38,moderate
605,0.23,7,40811.0,160.35,moderate
606,0.21,21,17324.0,21.18,moderate
607,0.47,7,34249.0,26.86,moderate
608,0.88,10,237.0,6.13,moderate
609,0.05,10,12838.0,37.52,moderate
610,0.45,6,109.0,6.97,moderate
611,0.84,6,8066.0,18.72,moderate
612,0.38,8,36829.0,222.23,moderate
613,0.8,9,2061.0,9.16,moderate
614,0.56,6,3232.0,6.08,moderate
615,0.71,13,1030.0,3.34,moderate
616,0.19,21,89371.0,194.63,moderate
617,0.38,8,13013.0,34.49,moderate
618,0.92,8,5982.5,4.22,moderate
619,0.17,18,11098.0,30.41,moderate
620,0.24,15,22471.0,111.69,moderate
621,0.35,8,9324.0,5.7,moderate
622,0.49,11,6368.0,9.69,moderate
623,0.42,8,86151.0,184.01,moderate
624,0.27,10,14897.0,34.68,moderate
625,0.12,7,5734.0,8.62,moderate
626,0.99,4,88.0,3.63,moderate
627,0.27,5,12183.0,25.65,moderate
628,0.6,7,4611.0,17.59,moderate
629,0.1,8,14644.0,23.19,moderate
630,0.45,6,26621.0,171.08,moderate
631,0.27,6,29701.0,55.5,moderate
632,0.35,7,96206.0,164.53,moderate
633,0.4,19,3232.0,66.94,moderate
634,0.39,26,1764.0,5.36,moderate
635,0.45,8,5995.0,13.32,moderate
636,0.06,8,118862.0,246.29,moderate
637,0.1,11,490720.0,273.47,moderate
638,0.36,13,4405.0,19.89,moderate
639,0.0,7,166214.0,239.52,moderate
640,0.13,5,6476.0,9.49,moderate
641,0.64,10,1425.0,6.78,moderate
642,0.83,6,184.0,3.7,moderate
643,0.45,6,4308.0,47.12,moderate
644,0.07,10,608417.0,1928.03,moderate
645,0.83,11,18147.0,109.48,moderate
646,0.98,4,286.0,5.2,moderate
647,0.45,8,122696.0,204.96,moderate
648,0.75,11,625.0,5.9,moderate
649,0.84,6,3486.0,12.74,moderate
650,0.35,6,12827.0,17.38,moderate
651,0.79,6,3393.0,6.92,moderate
652,0.45,8,2954.0,35.8,moderate
653,0.88,5,32.0,6.89,moderate
654,0.11,8,153774.0,95.59,moderate
655,0.45,8,287590.0,352.08,moderate
656,0.83,6,562.0,6.06,moderate
657,0.89,6,4754.0,15.87,moderate
658,0.67,8,4584.0,13.46,moderate
659,0.23,11,59131.0,145.61,moderate
660,0.28,15,6420.0,18.25,moderate
661,0.31,30,9667.0,21.93,moderate
662,0.76,11,1845.0,11.2,moderate
663,0.7,8,7286.0,45.97,moderate
664,0.56,8,2854.0,4.27,moderate
665,0.65,10,508.0,6.27,moderate
666,0.72,4,4796.0,27.44,moderate
667,0.23,12,5982.5,21.19,moderate
668,0.45,8,972.0,6.78,moderate
669,0.52,6,18765.0,26.38,moderate
670,0.45,11,2821.0,10.47,moderate
671,0.72,11,1275.0,12.49,moderate
672,0.57,7,3565.0,26.09,moderate
673,0.45,11,14964.0,25.35,moderate
674,0.44,10,9586.0,29.66,moderate
675,0.29,8,16244.0,72.05,moderate
676,0.45,11,14810.0,32.92,moderate
677,0.6,4,7743.0,30.66,moderate
678,0.45,14,3232.0,43.56,moderate
679,0.02,9,9411.0,11.67,moderate
680,0.86,6,3232.0,4.38,moderate
681,0.29,10,6287.0,12.75,moderate
682,0.3,7,222447.0,371.93,moderate
683,0.24,8,17825.0,51.57,moderate
684,0.64,4,115395.0,31.69,moderate
685,0.9,13,3030.0,33.56,moderate
686,0.57,17,3257.0,24.82,moderate
687,0.58,7,12637.0,19.61,moderate
688,0.66,11,11676.0,21.78,moderate
689,0.91,8,4714.0,19.96,moderate
690,0.16,6,5935.0,5.69,moderate
691,0.56,8,177.0,4.19,moderate
692,0.39,19,77407.0,357.08,moderate
693,0.87,2,118.0,6.45,moderate
694,0.86,7,664.0,3.01,moderate
695,0.45,10,18433.0,35.57,moderate
696,0.45,8,47074.0,63.98,moderate
697,0.11,26,123304.0,436.45,moderate
698,0.88,8,154.0,6.5,moderate
699,0.74,9,1475.0,5.53,moderate
700,0.33,16,38462.0,77.09,moderate
701,0.57,14,30791.0,169.5,moderate
702,0.1,8,31313.0,43.54,moderate
703,0.98,7,8066.0,10.58,moderate
704,0.62,4,6536.0,21.41,moderate
705,0.55,5,9022.0,29.47,moderate
706,0.36,17,66743.0,128.23,moderate
707,0.22,9,13417.0,39.19,moderate
708,0.42,6,5612.0,31.41,moderate
709,0.83,8,7239.0,31.11,moderate
710,0.47,4,5076.0,28.91,moderate
711,0.63,13,22143.0,119.82,moderate
712,0.45,14,37505.0,21.11,moderate
713,0.64,8,17758.0,76.1,moderate
714,0.23,23,70415.0,52.29,moderate
715,0.61,20,3232.0,136.35,moderate
716,0.92,6,507.0,4.85,moderate
717,0.83,3,67.0,6.46,moderate
718,0.62,17,1110.0,6.52,moderate
719,0.29,4,6711.0,29.8,moderate
720,0.81,8,34602.0,17.29,moderate
721,0.17,24,50787.0,70.72,moderate
722,0.84,8,8066.0,15.67,moderate
723,0.86,8,31257.0,142.84,moderate
724,0.81,5,1100.0,6.0,moderate
725,0.9,6,2176.0,4.29,moderate
726,0.65,11,2135.0,9.97,moderate
727,0.63,8,1840.0,10.09,moderate
728,0.63,19,3751.0,11.76,moderate
729,0.45,11,437.0,6.15,moderate
730,0.57,5,221082.0,41.61,moderate
731,0.4,26,16388.0,99.83,moderate
732,0.48,8,16115.0,49.52,moderate
733,0.89,14,948.0,4.75,moderate
734,0.18,7,570354.0,229.08,moderate
735,0.57,15,2044.0,5.38,moderate
736,0.56,7,2596.0,3.65,moderate
737,0.45,17,35542.0,45.02,moderate
738,0.8,8,885.0,8.27,moderate
739,0.31,14,22277.0,22.71,moderate
740,0.45,8,66688.0,161.67,moderate
741,0.16,15,3232.0,104.49,moderate
742,0.45,15,1859.0,6.59,moderate
743,0.02,12,510348.0,361.62,moderate
744,0.25,6,41940.0,109.61,moderate
745,0.22,8,78424.0,60.34,moderate
746,0.3,13,6925.0,34.19,moderate
747,0.74,7,5480.0,38.68,moderate
748,0.45,8,337252.0,1317.55,moderate
749,0.54,8,139361.0,100.73,moderate
750,0.41,6,33354.0,37.73,moderate
751,0.3,6,47564.0,114.61,moderate
752,0.79,9,1317.0,3.19,moderate
753,0.01,6,43881.0,60.03,moderate
754,0.69,9,38148.0,140.38,moderate
755,0.22,18,100296.0,210.22,moderate
756,0.35,8,13489.0,45.31,moderate
757,0.88,9,1374.0,4.59,moderate
758,0.23,8,9789.0,39.79,moderate
759,0.79,7,771.0,4.14,moderate
760,0.44,13,266655.0,359.27,moderate
761,0.45,5,22100.0,75.16,moderate
762,0.33,22,15388.0,53.73,moderate
763,0.69,9,3232.0,157.35,moderate
764,0.37,8,58598.0,47.62,moderate
765,0.57,6,2682.0,17.01,moderate
766,0.1,6,55632.0,234.87,moderate
767,0.45,6,23587.0,100.68,moderate
768,0.68,7,1406.0,3.06,moderate
769,0.48,14,513.0,6.16,moderate
770,0.54,6,84692.0,128.16,moderate
771,0.07,8,119449.0,91.41,moderate
772,0.94,6,2662.0,13.06,moderate
773,0.88,5,639.0,3.16,moderate
774,0.45,9,122223.0,129.61,moderate
775,0.45,8,115395.0,41.56,moderate
776,0.39,36,21456.0,22.79,moderate
777,0.55,7,324788.0,181.26,moderate
778,0.34,11,56742.0,199.64,moderate
779,0.22,5,221082.0,35.25,moderate
780,0.67,20,723.0,5.2,moderate
781,0.19,6,21739.0,14.49,moderate
782,0.97,4,3101.0,6.54,moderate
783,0.19,8,27478.0,135.95,moderate
784,0.05,4,7095.0,20.87,moderate
785,0.14,44,61924.0,102.17,moderate
786,0.87,7,925.0,4.21,moderate
787,0.86,10,1047.0,3.51,moderate
788,0.45,7,574.0,6.78,moderate
789,0.6,6,1290.0,9.64,moderate
790,0.37,8,5052.0,5.65,moderate
791,0.58,10,2273.0,5.45,moderate
792,0.76,6,664.0,6.19,moderate
793,0.85,17,35881.0,146.86,moderate
794,0.52,12,2149.0,5.16,moderate
795,0.76,10,389.0,3.02,moderate
796,0.45,16,827.0,3.75,moderate
797,0.65,7,73.0,4.02,moderate
798,0.17,7,29233.0,73.91,moderate
799,0.72,7,2245.0,8.31,moderate
800,0.8,5,3256.0,4.26,moderate
801,0.45,8,8084.0,27.19,moderate
802,0.02,13,878471.0,1216.06,moderate
803,0.79,5,3099.0,23.62,moderate
804,0.36,6,5881.0,14.1,moderate
805,0.89,14,919.0,3.02,moderate
806,0.56,10,14435.0,22.68,moderate
807,0.74,9,1374.0,5.74,moderate
808,0.28,8,5178.0,20.26,moderate
809,0.28,5,7220.0,14.34,moderate
810,0.27,12,15990.0,46.48,moderate
811,0.03,8,7572.0,11.88,moderate
812,0.57,8,10939.0,27.47,moderate
813,0.74,8,2320.0,10.37,moderate
814,0.86,7,3694.0,8.3,moderate
815,0.45,18,3232.0,18.16,moderate
816,0.1,13,16342.0,29.15,moderate
817,0.54,8,6045.0,11.91,moderate
818,0.45,6,21316.0,72.0,moderate
819,0.88,4,2541.0,12.78,moderate
820,0.01,10,9196.0,23.83,moderate
821,0.45,6,221082.0,79.26,moderate
822,0.03,15,51529.0,142.6,moderate
823,0.78,17,2588.0,3.47,moderate
824,0.73,8,7846.0,20.37,moderate
825,0.65,8,927.0,5.91,moderate
826,0.45,8,8066.0,294.4,moderate
827,0.82,8,98.0,4.02,moderate
828,0.89,4,43.0,6.37,moderate
829,0.98,9,860.0,5.11,moderate
830,0.45,8,1219693.0,1366.66,moderate
831,0.45,4,1712.0,7.93,moderate
832,0.34,6,112686.0,394.47,moderate
833,0.45,15,52210.0,37.41,moderate
834,0.45,6,209.0,5.11,moderate
835,0.84,15,664.0,13.09,moderate
836,0.77,8,1908.0,8.0,moderate
837,0.31,8,18432.0,73.87,moderate
838,0.79,10,418.0,5.95,moderate
839,0.88,11,532.0,5.44,moderate
840,0.45,5,47.0,5.37,moderate
841,0.87,8,707.0,5.57,moderate
842,0.09,15,46855.0,74.06,moderate
843,0.15,5,7259.0,14.03,moderate
844,0.82,6,440.0,6.93,moderate
845,0.43,10,2079.0,3.51,moderate
846,0.11,12,279961.0,1112.57,moderate
847,0.74,11,1172.0,5.19,moderate
848,0.02,20,55775.0,154.47,moderate
849,0.67,6,115395.0,31.11,moderate
850,0.09,8,173137.0,455.3,moderate
851,0.45,13,526.0,4.57,moderate
852,0.45,6,33863.0,156.26,moderate
853,0.77,25,3390.0,31.52,moderate
854,0.45,9,2710.0,13.03,moderate
855,0.24,8,6055.0,13.32,moderate
856,0.31,8,130282.0,53.21,moderate
857,0.67,11,30736.0,36.97,moderate
858,0.36,12,2400.0,6.23,moderate
859,0.07,8,222862.0,92.82,moderate
860,0.7,7,3232.0,11.64,moderate
861,0.73,9,1407.0,6.31,moderate
862,0.92,8,86.0,5.44,moderate
863,0.66,8,3744.0,20.44,moderate
864,0.18,11,19745.0,21.05,moderate
865,0.66,4,5369.0,14.98,moderate
866,0.25,7,5648.0,10.24,moderate
867,0.11,13,55850.0,80.19,moderate
868,0.22,11,228503.0,294.89,moderate
869,0.21,8,45965.0,188.55,moderate
870,0.85,15,606.0,6.08,moderate
871,0.45,6,10425.0,29.49,moderate
872,0.81,3,495.0,6.11,moderate
873,0.45,10,13122.0,52.88,moderate
874,0.31,8,10271.0,21.05,moderate
875,0.13,6,65711.0,73.28,moderate
876,0.91,8,427.0,4.28,moderate
877,0.3,20,50259.0,68.51,moderate
878,0.47,9,168774.0,376.05,moderate
879,0.86,8,25776.0,237.58,moderate
880,0.94,14,2254.0,5.75,moderate
881,0.36,18,44303.0,21.21,moderate
882,0.2,6,12634.0,13.72,moderate
883,0.7,6,3310.0,28.35,moderate
884,0.45,15,110410.0,188.57,moderate
885,0.6,14,974.0,6.14,moderate
886,0.6,11,3232.0,17.51,moderate
887,0.14,9,16993.0,42.68,moderate
888,0.47,6,165.0,3.84,moderate
889,0.35,10,7442.0,15.78,moderate
890,0.09,8,211563.0,330.8,moderate
891,0.15,7,133898.0,393.73,moderate
892,0.65,6,20314.0,49.81,moderate
893,0.93,4,60.0,6.39,moderate
894,0.98,6,8066.0,26.5,moderate
895,0.64,6,1430.0,8.69,moderate
896,0.73,5,6873.0,49.96,moderate
897,0.28,6,23086.0,53.01,moderate
898,0.57,7,26777.0,114.11,moderate
899,0.52,7,87279.0,330.95,moderate
900,0.45,16,44883.0,114.07,moderate
901,0.64,7,11101.0,38.27,moderate
902,0.29,7,99153.0,35.48,moderate
903,0.15,7,176839.0,104.72,moderate
904,0.73,7,255.0,3.81,moderate
905,0.71,15,2342.0,5.76,moderate
906,0.46,10,15895.0,62.24,moderate
907,0.9,13,433.0,5.85,moderate
908,0.07,7,122697.0,77.24,moderate
909,0.78,8,3232.0,135.52,moderate
910,0.71,7,1094.0,3.75,moderate
911,0.47,10,12107.0,21.73,moderate
912,0.52,11,2272.0,7.14,moderate
913,0.03,8,221082.0,19.12,moderate
914,0.11,14,7976.0,7.1,moderate
915,0.84,8,4320.0,14.71,moderate
916,0.71,6,1718.0,10.76,moderate
917,0.89,9,1576.0,13.21,moderate
918,0.73,6,596.0,5.49,moderate
919,0.74,12,3232.0,3.28,moderate
920,0.36,9,16026.0,29.52,moderate
921,0.1,6,105883.0,86.91,moderate
922,0.32,12,21858.0,7.49,moderate
923,0.75,5,2845.0,13.96,moderate
924,0.7,8,220.0,5.32,moderate
925,0.02,14,10705.0,18.7,moderate
926,0.29,22,116670.0,48.05,moderate
927,0.63,22,15959.0,23.76,moderate
928,0.71,6,5748.0,33.24,moderate
929,0.61,10,10219.0,38.31,moderate
930,0.64,6,1753.0,3.33,moderate
931,0.44,29,6213.0,11.61,moderate
932,0.61,8,8066.0,38.13,moderate
933,0.08,17,145936.0,139.18,moderate
934,0.53,18,2590.0,3.55,moderate
935,0.45,12,664.0,6.05,moderate
936,0.1,8,25879.0,13.75,moderate
937,0.36,6,127132.0,258.59,moderate
938,0.97,4,2369.0,3.97,moderate
939,0.1,25,145950.0,65.88,moderate
940,0.86,6,1918.0,17.83,moderate
941,0.45,8,10547.0,38.22,moderate
942,0.75,16,20222.0,183.76,moderate
943,0.52,5,5741.0,30.53,moderate
944,0.69,7,5195.0,40.1,moderate
945,0.29,18,14120.0,12.59,moderate
946,0.61,9,3174.0,3.58,moderate
947,0.45,14,6445.0,7.0,moderate
948,0.26,8,196248.0,212.71,moderate
949,0.83,10,493.0,3.45,moderate
950,0.14,6,92177.0,157.59,moderate
951,0.45,13,22045.0,64.97,moderate
952,0.45,28,110246.0,55.3,moderate
953,0.68,7,451.0,4.37,moderate
954,0.79,6,453.0,6.97,moderate
955,0.27,7,18289.0,14.62,moderate
956,0.43,8,97646.0,200.07,moderate
957,0.63,4,708.0,3.43,moderate
958,0.81,7,4892.0,17.7,moderate
959,0.78,8,26651.0,155.39,moderate
960,0.45,8,136.0,5.64,moderate
961,0.75,7,319.0,3.1,moderate
962,0.45,9,8066.0,198.45,moderate
963,0.79,10,251.0,4.27,moderate
964,0.91,11,814.0,5.11,moderate
965,0.45,9,6355.0,11.04,moderate
966,0.45,6,45264.0,140.88,moderate
967,0.56,12,1034.0,6.52,moderate
968,0.47,8,16443.0,56.75,moderate
969,0.61,21,4775.0,13.96,moderate
970,0.62,6,6640.0,12.59,moderate
971,0.68,12,2578.0,21.41,moderate
972,0.65,6,368.0,4.7,moderate
973,0.45,23,88279.0,136.45,moderate
974,0.11,13,5159.0,8.7,moderate
975,0.31,10,4770.0,11.78,moderate
976,0.36,12,23105.0,23.55,moderate
977,0.89,8,135.0,5.57,moderate
978,0.32,7,51131.0,71.51,moderate
979,0.45,8,42345.0,68.48,moderate
980,0.3,9,345055.0,365.28,moderate
981,0.16,9,5982.5,30.44,moderate
982,0.81,3,221082.0,5.97,moderate
983,0.08,23,3232.0,47.14,moderate
984,0.86,8,1751.0,6.18,moderate
985,0.09,15,912267.0,420.36,moderate
986,0.31,8,221082.0,99.08,moderate
987,0.6,17,45356.0,46.57,moderate
988,0.39,10,48755.0,112.76,moderate
989,0.56,8,6865.0,17.86,moderate
990,0.23,16,13120.0,59.83,moderate
991,0.65,6,8737.0,22.05,moderate
992,0.16,20,5589.0,7.28,moderate
993,0.85,5,4905.0,24.86,moderate
994,0.35,8,5386.0,30.04,moderate
995,0.73,4,5982.5,6.76,moderate
996,0.98,7,343.0,6.81,moderate
997,0.05,8,22263.0,22.61,moderate
998,0.05,15,22082.0,33.04,moderate
999,0.46,8,10899.0,47.99,moderate
1000,0.2,20,5699424.0,16594.87,expensive
1001,0.86,37,593389.0,1294.48,expensive
1002,0.71,8,583413.0,4950.36,expensive
1003,0.68,45,117927869.0,382385.67,expensive
1004,0.68,8,143739.0,409.34,expensive
1005,0.63,9,1016836.0,1695.05,expensive
1006,0.18,25,19388767.0,38903.18,expensive
1007,0.73,12,390819.0,858.28,expensive
1008,0.8,11,692258.0,2688.9,expensive
1009,0.86,8,163112.0,735.78,expensive
1010,0.49,8,527220.0,1182.58,expensive
1011,0.47,22,143434.0,348.95,expensive
1012,0.97,12,16470.0,33.02,expensive
1013,0.54,17,87060.0,368.3,expensive
1014,0.67,7,115395.0,798.42,expensive
1015,0.41,17,534984.0,199.52,expensive
1016,0.68,22,58179.0,49.11,expensive
1017,0.42,11,904412.0,537.84,expensive
1018,0.04,15,4408968.0,3121.58,expensive
1019,0.88,8,42468.0,49.28,expensive
1020,0.27,6,173774.0,950.12,expensive
1021,0.27,13,1266851.0,2737.74,expensive
1022,0.89,14,25842.0,32.16,expensive
1023,0.75,24,7739.0,41.7,expensive
1024,0.88,7,38257.0,82.25,expensive
1025,0.6,9,995706.0,1401.65,expensive
1026,0.61,8,507253.0,1377.26,expensive
1027,0.91,22,98032.0,539.92,expensive
1028,1.0,13,7024.0,78.37,expensive
1029,0.93,8,1995643.0,2027.92,expensive
1030,0.68,7,62382.0,490.82,expensive
1031,0.17,12,389987.0,1325.12,expensive
1032,0.7,8,1255108.0,9366.86,expensive
1033,0.32,16,912586.0,1107.52,expensive
1034,0.93,8,8323.0,97.9,expensive
1035,0.98,18,6212.0,13.3,expensive
1036,0.63,16,29913.0,34.1,expensive
1037,0.76,9,256473.0,826.65,expensive
1038,0.66,8,558197.0,1139.14,expensive
1039,0.78,8,221082.0,20714.19,expensive
1040,0.62,15,1835465.0,15171.32,expensive
1041,0.77,16,1678895.0,5338.9,expensive
1042,0.77,11,8066.0,70.89,expensive
1043,0.45,8,56025.0,164.92,expensive
1044,0.05,8,4153015.0,3569.27,expensive
1045,0.57,9,745770.0,3403.92,expensive
1046,0.49,8,81144.0,90.08,expensive
1047,0.82,12,2086001.0,1986.0,expensive
1048,0.32,7,535573.0,2927.17,expensive
1049,0.99,11,195249.0,617.22,expensive
1050,0.72,19,107958.0,443.38,expensive
1051,0.63,8,20788.0,73.52,expensive
1052,0.81,8,117499.0,913.8,expensive
1053,0.77,9,439575.0,612.43,expensive
1054,0.45,11,413334.0,1446.12,expensive
1055,0.45,17,3301217.0,1819.37,expensive
1056,0.66,11,29441.0,175.53,expensive
1057,0.93,8,92844.0,291.18,expensive
1058,0.45,9,165624.0,601.18,expensive
1059,0.81,10,55040.0,206.75,expensive
1060,0.66,13,1372651.0,4197.39,expensive
1061,0.67,8,223028.0,2012.0,expensive
1062,1.0,11,454331.0,2873.59,expensive
1063,0.8,9,81516.0,332.84,expensive
1064,0.35,20,91529.0,456.3,expensive
1065,0.59,7,56827.0,99.02,expensive
1066,0.34,20,221082.0,2555.78,expensive
1067,0.68,21,36002.0,72.87,expensive
1068,0.43,13,4210076.0,9154.07,expensive
1069,0.53,14,1400823.0,5650.93,expensive
1070,0.24,15,2220506.0,1662.11,expensive
1071,0.45,8,5982.5,9.34,expensive
1072,0.71,8,312444.0,2546.03,expensive
1073,0.87,25,59520.0,369.13,expensive
1074,0.79,6,270860.0,635.69,expensive
1075,0.97,20,4760.0,37.23,expensive
1076,0.49,6,59415.0,88.13,expensive
1077,0.68,8,20765.0,46.67,expensive
1078,0.95,6,76862.0,281.39,expensive
1079,0.63,20,61188.0,62.8,expensive
1080,0.73,6,99049.0,723.09,expensive
1081,0.17,11,126770.0,533.85,expensive
1082,0.26,27,13037599.0,2892.21,expensive
1083,0.44,12,2009349.0,6935.74,expensive
1084,0.66,8,99166.0,394.86,expensive
1085,0.74,8,10337.0,9.15,expensive
1086,0.45,9,1378586.0,2357.92,expensive
1087,0.39,18,1575046.0,1551.42,expensive
1088,0.39,10,721443.0,2163.07,expensive
1089,0.5,7,51594.0,53.85,expensive
1090,0.0,21,8786922.0,3651.0,expensive
1091,0.51,6,37265.0,87.75,expensive
1092,0.26,28,133430.0,609.74,expensive
1093,0.92,23,8239094.0,57319.17,expensive
1094,0.56,18,1382831.0,1422.22,expensive
1095,0.84,22,2358378.0,10899.28,expensive
1096,0.39,13,731099.0,1707.26,expensive
1097,0.5,6,923841.0,3926.8,expensive
1098,0.79,6,68354.0,534.4,expensive
1099,0.15,19,3192344.0,2802.14,expensive
1100,0.43,8,221082.0,41709.75,expensive
1101,0.99,8,13701.0,54.74,expensive
1102,0.54,18,1828523.0,3658.05,expensive
1103,0.35,13,2100801.0,3094.46,expensive
1104,0.49,6,193583.0,536.91,expensive
1105,0.51,8,819951.0,3547.58,expensive
1106,0.61,10,1553870.0,8896.48,expensive
1107,0.48,11,799159.0,1263.32,expensive
1108,0.09,15,7957127.0,11423.74,expensive
1109,0.77,12,15355.0,70.87,expensive
1110,0.88,13,6921.0,40.14,expensive
1111,0.82,4,5011.0,9.73,expensive
1112,0.88,16,31271.0,55.47,expensive
1113,0.36,13,562649.0,2169.53,expensive
1114,0.95,14,21260.0,87.88,expensive
1115,0.3,12,202903.0,512.35,expensive
1116,0.92,11,1087679.0,2989.09,expensive
1117,0.45,23,1314125.0,1368.62,expensive
1118,0.73,7,23520.0,68.75,expensive
1119,0.1,12,1769081.0,467.75,expensive
1120,0.57,12,467435.0,666.18,expensive
1121,0.71,10,16984.0,90.4,expensive
1122,0.9,18,36011.0,98.82,expensive
1123,0.57,14,916374.0,1395.66,expensive
1124,0.45,6,240817.0,578.29,expensive
1125,0.69,23,47698.0,75.71,expensive
1126,0.13,15,2059754.0,1430.54,expensive
1127,0.45,9,177152.0,449.01,expensive
1128,0.7,14,777735.0,3914.81,expensive
1129,0.45,10,419022.0,1351.42,expensive
1130,0.45,17,2427691.0,17547.88,expensive
1131,0.45,17,909326.0,855.3,expensive
1132,0.99,8,8787.0,35.64,expensive
1133,0.73,16,53094.0,133.16,expensive
1134,0.51,7,221082.0,331.42,expensive
1135,0.89,9,373961.0,1282.84,expensive
1136,0.91,17,51970.0,140.45,expensive
1137,0.81,18,5982.5,122.43,expensive
1138,0.33,13,1362733.0,1709.47,expensive
1139,0.37,9,233674.0,1011.11,expensive
1140,0.41,8,221082.0,365.01,expensive
1141,0.45,9,722417.0,6527.48,expensive
1142,0.71,9,23718.0,71.54,expensive
1143,0.45,16,1319512.0,1404.66,expensive
1144,0.59,8,22094065.0,51143.16,expensive
1145,0.45,14,115395.0,1290.04,expensive
1146,0.4,6,47125.0,94.9,expensive
1147,0.45,12,5281237.0,11340.36,expensive
1148,0.59,21,14083967.0,84326.76,expensive
1149,0.71,12,603939.0,3538.97,expensive
1150,0.17,9,1169736.0,3798.29,expensive
1151,0.81,17,85784.0,356.75,expensive
1152,0.99,8,83184.0,414.43,expensive
1153,0.8,6,57899.0,324.71,expensive
1154,0.43,10,118105.0,924.84,expensive
1155,0.81,8,326667.0,522.91,expensive
1156,0.89,13,31311.0,131.98,expensive
1157,0.69,7,78814.0,640.27,expensive
1158,0.26,8,501492.0,2006.41,expensive
1159,0.62,17,116226.0,59.84,expensive
1160,0.52,12,859282.0,3529.41,expensive
1161,0.23,14,2810985.0,6821.95,expensive
1162,0.08,12,1186046.0,3288.49,expensive
1163,0.45,10,515049.0,2001.4,expensive
1164,0.45,18,6181825.0,13599.19,expensive
1165,0.41,25,11170102.0,83638.55,expensive
1166,0.29,11,1082957.0,4029.79,expensive
1167,0.25,8,281646.0,755.78,expensive
1168,0.12,18,1232559.0,906.29,expensive
1169,0.24,28,9724016.0,23507.05,expensive
1170,0.52,6,199913.0,778.91,expensive
1171,0.45,22,10078717.0,51123.73,expensive
1172,0.51,15,1374.0,10.31,expensive
1173,0.96,19,62334.0,820.24,expensive
1174,0.78,6,42413.0,201.86,expensive
1175,0.5,8,380334.0,406.43,expensive
1176,0.45,10,1343791.0,5117.29,expensive
1177,0.41,8,8066.0,404.27,expensive
1178,0.16,16,938854.0,3816.71,expensive
1179,0.99,21,27317777.0,38586.85,expensive
1180,0.63,28,284664.0,1406.93,expensive
1181,0.81,14,848953.0,4108.99,expensive
1182,0.74,18,917520.0,848.75,expensive
1183,0.45,7,278003.0,166.74,expensive
1184,0.45,8,289823.0,2449.93,expensive
1185,0.49,16,8385994.0,14458.96,expensive
1186,0.45,10,674244.0,1306.77,expensive
1187,0.83,20,1004464.0,3389.32,expensive
1188,0.45,13,8066.0,88.84,expensive
1189,0.21,17,9719857.0,18631.39,expensive
1190,0.75,16,4295103.0,30743.89,expensive
1191,0.45,18,47374.0,92.62,expensive
1192,0.09,12,1484797.0,2800.1,expensive
1193,0.42,9,2202536.0,8910.21,expensive
1194,0.95,15,7131.0,30.84,expensive
1195,0.96,12,823830.0,4789.5,expensive
1196,0.22,14,939763.0,537.81,expensive
1197,0.58,11,221082.0,950.96,expensive
1198,0.24,10,435642.0,647.72,expensive
1199,0.94,13,996709.0,5519.02,expensive
1200,0.5,6,109702.0,668.07,expensive
1201,0.52,25,6065475.0,28255.14,expensive
1202,0.49,19,30968.0,94.79,expensive
1203,0.42,7,498141.0,725.45,expensive
1204,0.72,8,166745.0,830.91,expensive
1205,0.17,13,1298546.0,2672.81,expensive
1206,0.21,8,247279.0,855.03,expensive
1207,0.88,17,768813.0,3929.77,expensive
1208,0.45,17,4737505.0,9584.47,expensive
1209,0.59,11,376200.0,533.78,expensive
1210,0.72,12,4991242.0,29625.6,expensive
1211,0.52,14,1230732.0,3077.11,expensive
1212,0.55,13,764933.0,1091.27,expensive
1213,0.82,8,48643.0,63.71,expensive
1214,0.77,19,4180066.0,22331.5,expensive
1215,0.84,8,10801.0,102.63,expensive
1216,0.17,26,11075102.0,41614.21,expensive
1217,0.47,33,29282087.0,105746.47,expensive
1218,0.45,6,224962.0,504.33,expensive
1219,0.86,7,1443776.0,9801.84,expensive
1220,0.94,11,265302.0,2108.99,expensive
1221,0.5,18,101014.0,597.35,expensive
1222,0.85,8,210920.0,1983.56,expensive
1223,0.79,15,925577.0,6009.33,expensive
1224,0.1,11,872255.0,2801.6,expensive
1225,0.87,6,147479.0,752.62,expensive
1226,0.82,9,28409.0,65.19,expensive
1227,0.34,26,8066.0,505.5,expensive
1228,0.7,9,593459.0,3909.31,expensive
1229,0.44,17,1041420.0,2108.24,expensive
1230,0.32,8,7743522.0,16039.01,expensive
1231,0.41,7,94548.0,448.0,expensive
1232,0.45,10,646331.0,3765.51,expensive
1233,0.27,22,3742712.0,11880.96,expensive
1234,0.49,26,441718.0,579.61,expensive
1235,0.6,11,221082.0,5622.81,expensive
1236,0.96,14,1151070.0,5857.7,expensive
1237,0.62,11,445451.0,698.29,expensive
1238,0.45,6,181579.0,633.22,expensive
1239,0.15,20,7165555.0,27252.25,expensive
1240,0.1,17,3175976.0,3037.69,expensive
1241,0.06,11,1928890.0,4560.68,expensive
1242,0.1,21,4962909.0,3493.05,expensive
1243,0.17,13,451747.0,830.83,expensive
1244,0.59,24,114056.0,406.46,expensive
1245,0.81,15,18958.0,43.8,expensive
1246,0.45,16,1341889.0,3054.86,expensive
1247,0.81,9,10988.0,51.7,expensive
1248,0.15,8,509780.0,649.95,expensive
1249,0.51,19,172218.0,668.9,expensive
1250,0.19,9,691453.0,1308.83,expensive
1251,0.75,13,10515.0,52.42,expensive
1252,0.62,35,21012.0,83.06,expensive
1253,0.52,22,9773200.0,37746.96,expensive
1254,0.54,14,60613.0,429.35,expensive
1255,0.8,7,12379.0,42.41,expensive
1256,0.45,8,20460.0,88.43,expensive
1257,0.22,8,657776.0,993.26,expensive
1258,0.1,15,2546721.0,984.71,expensive
1259,0.72,11,210797.0,1157.62,expensive
1260,0.58,15,2747348.0,18437.06,expensive
1261,0.55,18,6991183.0,49534.18,expensive
1262,0.79,21,14529.0,115.84,expensive
1263,0.69,15,3135956.0,10201.28,expensive
1264,0.69,8,198035.0,1237.87,expensive
1265,0.62,7,8343.0,51.54,expensive
1266,0.17,10,3232.0,2182.51,expensive
1267,0.7,10,27633.0,97.91,expensive
1268,0.31,17,3628805.0,9308.65,expensive
1269,0.75,15,737276.0,473.64,expensive
1270,0.8,28,7379.0,19.17,expensive
1271,0.86,8,6441.0,12.85,expensive
1272,0.82,7,111795.0,616.48,expensive
1273,0.66,29,44587296.0,114355.43,expensive
1274,0.93,10,1016.0,9.89,expensive
1275,0.71,11,12261.0,38.44,expensive
1276,0.43,11,167572.0,1108.5,expensive
1277,0.31,13,521865.0,1655.68,expensive
1278,0.29,20,8214668.0,6665.25,expensive
1279,0.45,22,119344.0,317.95,expensive
1280,0.97,13,16310.0,132.65,expensive
1281,0.03,15,1035484.0,1832.43,expensive
1282,0.85,16,5982.5,127.24,expensive
1283,0.45,17,55175.0,205.38,expensive
1284,0.44,10,308319.0,415.38,expensive
1285,0.97,8,179449.0,980.25,expensive
1286,0.45,12,2904327.0,7352.05,expensive
1287,0.88,6,127553.0,298.05,expensive
1288,0.52,28,9144579.0,25727.45,expensive
1289,0.3,8,221082.0,1637.85,expensive
1290,0.7,16,520206.0,2404.32,expensive
1291,0.73,21,115395.0,3995.91,expensive
1292,0.54,16,104029.0,673.52,expensive
1293,0.61,23,17101644.0,18355.99,expensive
1294,0.68,24,23884847.0,54663.48,expensive
1295,0.73,33,1374.0,101.55,expensive
1296,0.92,7,97993.0,364.52,expensive
1297,0.23,8,1111835.0,506.36,expensive
1298,0.46,19,1443782.0,6513.92,expensive
1299,0.61,8,374425.0,2167.1,expensive
1300,0.68,8,23783.0,34.71,expensive
1301,0.49,17,2025541.0,12189.62,expensive
1302,0.22,8,462939.0,1068.01,expensive
1303,0.64,20,6887736.0,39736.29,expensive
1304,0.08,20,4443210.0,5582.29,expensive
1305,0.8,12,424586.0,1648.14,expensive
1306,0.67,20,15562715.0,48748.57,expensive
1307,0.21,33,369382.0,515.79,expensive
1308,0.93,24,100937.0,1039.9,expensive
1309,0.45,19,1628208.0,3874.11,expensive
1310,0.36,11,1972298.0,4331.51,expensive
1311,0.36,13,5189972.0,6511.6,expensive
1312,0.53,17,5371463.0,40397.16,expensive
1313,0.74,16,61330.0,186.69,expensive
1314,0.54,8,278714.0,378.41,expensive
1315,0.52,8,221082.0,5268.58,expensive
1316,0.29,15,1380348.0,2824.05,expensive
1317,0.37,8,685585.0,637.17,expensive
1318,0.47,16,1987496.0,12630.89,expensive
1319,0.06,11,796617.0,1159.26,expensive
1320,0.93,8,124813.0,1102.89,expensive
1321,0.41,11,2000665.0,8564.29,expensive
1322,0.88,9,29714.0,124.61,expensive
1323,0.66,15,2814033.0,16439.28,expensive
1324,0.59,20,92306.0,669.69,expensive
1325,0.72,10,7795.0,50.58,expensive
1326,0.6,8,160742.0,554.72,expensive
1327,0.45,13,21960.0,62.48,expensive
1328,0.42,17,1612572.0,3635.58,expensive
1329,0.52,29,24046.0,70.56,expensive
1330,0.48,10,1712984.0,9162.25,expensive
1331,0.45,12,33054.0,94.16,expensive
1332,0.3,8,67251.0,343.54,expensive
1333,0.45,12,795998.0,1059.02,expensive
1334,0.7,11,491322.0,1025.5,expensive
1335,0.67,19,1801438.0,6601.7,expensive
1336,0.93,8,102566.0,452.14,expensive
1337,0.23,20,8066.0,864.52,expensive
1338,0.52,13,1025441.0,2831.8,expensive
1339,0.45,11,1301274.0,5713.56,expensive
1340,0.45,15,3232.0,89.97,expensive
1341,0.78,14,25724.0,77.59,expensive
1342,0.45,12,115395.0,1099.94,expensive
1343,0.65,15,17635.0,51.64,expensive
1344,0.32,18,2293017.0,1673.06,expensive
1345,0.9,17,1502030.0,6613.93,expensive
1346,0.12,14,10148222.0,17619.63,expensive
1347,0.37,18,1480729.0,4426.61,expensive
1348,0.79,14,2458806.0,12416.18,expensive
1349,0.45,17,1070057.0,4058.13,expensive
1350,0.5,14,1889965.0,9511.96,expensive
1351,0.81,8,370446.0,922.19,expensive
1352,0.46,18,5400692.0,7404.87,expensive
1353,0.48,22,173824.0,334.85,expensive
1354,0.0,16,1641621.0,1181.16,expensive
1355,0.05,10,1507764.0,3610.86,expensive
1356,0.37,8,555032.0,1585.6,expensive
1357,0.99,19,8066.0,256.71,expensive
1358,0.45,15,221082.0,5504.54,expensive
1359,0.87,16,115395.0,1042.06,expensive
1360,0.25,10,477200.0,2360.24,expensive
1361,0.45,12,243384.0,847.75,expensive
1362,0.42,10,1178827.0,6913.89,expensive
1363,0.52,9,537458.0,1407.43,expensive
1364,0.93,14,35902.0,46.2,expensive
1365,0.45,8,221082.0,5177.02,expensive
1366,0.45,8,95312.0,828.04,expensive
1367,0.97,7,64455.0,400.07,expensive
1368,0.97,5,8365.0,61.86,expensive
1369,0.92,31,16372329.0,48194.33,expensive
1370,0.37,13,815888.0,3971.26,expensive
1371,0.69,36,213585.0,266.74,expensive
1372,0.94,9,31146.0,75.01,expensive
1373,0.37,10,444173.0,2359.05,expensive
1374,0.64,12,704055.0,3293.82,expensive
1375,0.13,15,1680232.0,3010.52,expensive
1376,0.03,15,4428890.0,2636.44,expensive
1377,0.45,25,77966.0,498.17,expensive
1378,0.45,12,35914.0,97.71,expensive
1379,0.3,18,1996390.0,4523.83,expensive
1380,0.45,7,63792.0,85.11,expensive
1381,0.75,8,113349.0,722.65,expensive
1382,0.68,10,15079.0,103.6,expensive
1383,0.67,22,196552.0,717.54,expensive
1384,0.87,11,1415173.0,12222.32,expensive
1385,0.25,9,537081.0,2282.38,expensive
1386,0.9,10,8066.0,69.27,expensive
1387,0.46,8,155318.0,591.02,expensive
1388,0.45,12,768367.0,1659.4,expensive
1389,0.64,22,94774.0,517.01,expensive
1390,0.87,8,314113.0,1846.84,expensive
1391,0.6,13,255501.0,630.41,expensive
1392,0.45,12,3232.0,1054.93,expensive
1393,0.57,8,303659.0,1943.8,expensive
1394,0.89,11,97829.0,1005.56,expensive
1395,0.4,8,714658.0,2047.31,expensive
1396,0.69,12,637276.0,1356.72,expensive
1397,0.16,16,3964354.0,12767.33,expensive
1398,0.96,11,437435.0,864.8,expensive
1399,0.45,12,115395.0,7962.5,expensive
1400,0.69,14,1695010.0,7351.07,expensive
1401,0.62,8,99566.0,556.4,expensive
1402,0.55,8,319270.0,1375.24,expensive
1403,1.0,13,43735.0,115.44,expensive
1404,0.8,18,7131016.0,29508.07,expensive
1405,0.5,20,1432756.0,4745.6,expensive
1406,0.72,9,850310.0,4816.24,expensive
1407,0.91,19,120253.0,183.47,expensive
1408,0.74,12,3232.0,1906.22,expensive
1409,0.0,16,3480167.0,10025.96,expensive
1410,0.76,18,93954.0,417.8,expensive
1411,0.95,16,3392859.0,23198.8,expensive
1412,0.45,23,17704429.0,23249.65,expensive
1413,0.58,15,3754471.0,6172.18,expensive
1414,0.73,9,1001690.0,1647.4,expensive
1415,0.84,8,263482.0,1916.76,expensive
1416,0.93,6,117141.0,1123.45,expensive
1417,0.85,20,80924.0,307.61,expensive
1418,0.95,15,11196.0,61.12,expensive
1419,0.68,9,546631.0,2917.29,expensive
1420,0.96,10,12528.0,45.56,expensive
1421,0.57,8,137634.0,686.47,expensive
1422,0.94,6,14122.0,82.4,expensive
1423,0.86,9,129123.0,847.64,expensive
1424,0.98,8,326950.0,919.64,expensive
1425,0.87,10,5982.5,27.18,expensive
1426,0.34,21,9117294.0,5579.21,expensive
1427,0.77,8,30180.0,66.45,expensive
1428,0.87,20,221082.0,56248.47,expensive
1429,0.36,19,2515578.0,16096.58,expensive
1430,0.83,15,24297.0,97.37,expensive
1431,0.62,8,67915.0,318.45,expensive
1432,0.96,9,557707.0,3165.66,expensive
1433,0.28,30,364461.0,1062.72,expensive
1434,0.92,8,221082.0,2877.65,expensive
1435,0.81,8,267118.0,1084.71,expensive
1436,0.7,8,4835745.0,13978.42,expensive
1437,0.92,6,31565.0,226.73,expensive
1438,0.54,11,483660.0,1070.34,expensive
1439,0.6,14,224116.0,1081.2,expensive
1440,0.59,6,133987.0,409.78,expensive
1441,0.7,14,57456.0,121.36,expensive
1442,0.82,19,91291.0,814.18,expensive
1443,0.92,19,14460.0,59.23,expensive
1444,0.47,8,437722.0,535.34,expensive
1445,0.57,27,14405551.0,7353.52,expensive
1446,0.84,7,221082.0,276.25,expensive
1447,0.16,10,558393.0,1836.13,expensive
1448,0.46,9,648821.0,1047.38,expensive
1449,0.49,8,115395.0,729.09,expensive
1450,0.59,21,187059.0,654.71,expensive
1451,0.45,11,287118.0,919.19,expensive
1452,0.52,8,2020993.0,2818.75,expensive
1453,0.54,17,2144437.0,1743.79,expensive
1454,0.52,23,283304.0,891.66,expensive
1455,1.0,11,28989.0,181.44,expensive
1456,0.22,10,172170.0,514.43,expensive
1457,0.38,10,204848.0,1117.07,expensive
1458,0.6,11,519468.0,2963.77,expensive
1459,0.63,14,1470095.0,4198.24,expensive
1460,0.92,9,518773.0,1404.97,expensive
1461,0.93,10,310032.0,782.16,expensive
1462,0.49,11,1429155.0,1566.65,expensive
1463,0.29,13,2166915.0,7142.87,expensive
1464,0.38,9,325309.0,1018.88,expensive
1465,0.45,12,20118.0,50.79,expensive
1466,0.39,8,8066.0,1066.13,expensive
1467,0.58,6,44125.0,86.41,expensive
1468,0.47,15,115395.0,6141.47,expensive
1469,0.48,14,1624464.0,3835.87,expensive
1470,0.77,7,687467.0,2986.02,expensive
1471,0.85,10,15654.0,25.33,expensive
1472,0.45,8,203075.0,1187.96,expensive
1473,0.48,7,108417.0,727.24,expensive
1474,0.36,11,313206.0,507.97,expensive
1475,0.6,10,159990.0,1351.99,expensive
1476,0.69,8,59541.0,485.66,expensive
1477,0.7,8,8439.0,74.37,expensive
1478,0.64,20,42716.0,283.26,expensive
1479,0.5,9,250627.0,739.57,expensive
1480,0.56,18,4784038.0,5344.5,expensive
1481,0.45,8,221082.0,2280.37,expensive
1482,0.02,11,507115.0,1262.01,expensive
1483,0.66,11,516174.0,2659.47,expensive
1484,0.48,7,258107.0,702.4,expensive
1485,0.0,21,5190779.0,4508.07,expensive
1486,0.92,10,337175.0,2797.21,expensive
1487,0.79,17,81070.0,307.47,expensive
1488,0.76,16,728601.0,2363.91,expensive
1489,0.83,15,839893.0,3633.01,expensive
1490,0.37,19,1043592.0,3092.86,expensive
1491,0.92,8,5310.0,6.86,expensive
1492,0.79,8,378113.0,3401.03,expensive
1493,0.35,30,142824.0,372.29,expensive
1494,0.77,15,25100.0,143.51,expensive
1495,0.9,14,938495.0,5518.48,expensive
1496,0.86,25,5773155.0,37830.75,expensive
1497,0.57,8,340641.0,1561.0,expensive
1498,0.65,11,585685.0,2661.51,expensive
1499,0.56,10,1255942.0,3556.59,expensive
